Brachymystax_lenok,TLYICMNKQKLRTALNYILLNLAVADLFMVIGGFTTTMFTSMNGYFVFGRTGCNIEGFFATHGGEIALWSLVVLAVERWLVVCKPISNFRFSETHAIMGVGFTWVMASACSVPPLLGWSRYIPEGMQCSCGIDYYTRAPGFNNESFVIYMFIVHFLIPLIVISFCYGNLLCAVKAAAAAQQESETTQRAEREVTRMVIMMVVSFLVCWVPYASVAWYIFCNQGSEFGPVFMTIPAFFAKSSSLY
Coregonus_clupeaformis,TLYVTIEHKKLRTALNYILLNLAVADLFMVIGGFTTTMYTSMHGYFVFGRTGCNIEGFFATHGGEIGLWSLVVLAIERWLVVCKPISNFRFSETHAIMGVAFTWVMASACSMPPLFGWSRYIPEGMQCSCGIDYYTRAPGYNNESFVIYMFIVHFLIPLFIISFCYGNLLCAVKAAAAAQQESETTQRAEREVTRMVVMMVVSYLVSWVPYASVAWYIFSNQGSEFGPIFMTIPAFFAKSSALY
Coregonus_sp_1,TLYVTIEHKKLRTALNYILLNLAVADLFMVIGGFTTTMYTSMHGYFVFGRTGCNIEGFFATHGGEIGLWSLVVLAIERWLVVCKPISNFRFSETHAIMGVAFTWVMASACSMPPLFGWSRYIPEGMQCSCGIDYYTRAPGYNNESFVIYMFIVHFLIPLFIISFCYGNLLCAVKAAAAAQQESETTQRAEREVTRMVVMMVVSYLVSWVPYASVAWYIFSNQGSEFGPIFMTIPAFFAKSSALY
Coregonus_sp_2,TLYVTIEHKKLRTALNYILLNLAVADLFMVIGGFTTTMYTSMNGYFVFGRTGCNIEGFFATHGGEIGLWSLVVLAIERWLVVCKPISNFRFSETHAIMGVAFTWVMASACSMPPLFGWSRYIPEGMQCSCGIDYYTRAPGYNNESFVIYMFIVHFLIPLFIISFCYGNLLCAVKAAAAAQQESETTQRAEREVTRMVIMMVVSYLVSWVPYASVAWYIFSNQGSEFGPIFMTIPAFFAKSSALY
Coregonus_sp_3,TLYVTIEHKKLRTALNYILLNLAVADLFMVIGGFTTTMYTSMNGYFVFGRTGCNIEGFFATHGGEIGLWSLVVLAIERWLVVCKPISNFRFSETHAIMGVAFTWVMASACSMPPLFGWSRYIPEGMQCSCGIDYYTRAPGYNNESFVIYMFIVHFLIPLFIISFCYGNLLCAVKAAAAAQQESETTQRAEREVTRMVIMMVVSFLVSWVPYASVAWYIFSNQGSEFGPIFMTIPAFFAKSSALY
Hucho_hucho,TLYVTIEHKKLRTALNYILLNLAVADLFMVIGGFTTTMFTSMNGYFVFGRTGCNIEGFFATHGGEIALWSLVVLAIERWLVVCKPISNFRFSETHAIMGVAFTWVMASACSVPPLLGWSRYIPEGMQCSCGIDYYTRAPGFNNESFVIYMFIVHFLIPLIVISFCYGNLLCAVKAAAAAQQESETTQRAEREVTRMVIMMVVSFLVCWVPYASVAWYIFCNQGSEFGPVFMTIPAFFAKSSSLY
Oncorhynchus_gorbuscha,TLYVTIEHKKLRTALNYILLNLAVADLFMVIGGFTTTMYTSMHGYFVFGRTGCNIEGFFATHGGEIALWSLVVLAIERWLVVCKPISNFRFTETHAIIGVAFTWVMAAACSVPPLLGWSRYIPEGMQCSCGIDYYTRAPDINNESFVIYMFVVHFMIPLFIISFCYGNLLCAVKAAAAAQQESETTQRAEREVTRMVIMMVVSFLVCWVPYASVAWYIFCNQGSEFGPVFMTIPAFFAKSSSLY
Oncorhynchus_keta,TLYVTIEHKKLRTALNYILLNLAVADLFMVIGGFTTTMYTSMHGYFVFGRTGCNIEGFFATHGGEIALWSLVVLAIERWLVVCKPISNFRFTETHAIIGVAFTWVMAAACSVPPLLGWSRYIPEGMQCSCGIDYYTRAPDINNESFVIYMFVVHFMIPLFIISFCYGNLLCAVKAAAAAQQESETTQRAEREVTRMVIMMVVSFLVCWVPYASVAWYIFCNQGSEFGPVFMTIPAFFAKSSSLY
Oncorhynchus_kisutch,TLYVTIEHKKLRTALNYILLNLAVADLFMVIGGFTTTMYTSMHGYFVFGRTGCNIEGFFATHGGEIALWSLVVLAIERWLVVCKPISNFRFSETHAIMGVAFTWVMAAACSVPPLLGWSRYIPEGMQCSCGIDYYTRAPDINNESFVIYMFVVHFMIPLFIISFCYGNLLCAVKAAAAAQQESETTQRAEREVTRMVIMMVVSFLVCWVPYASVAWYIFCNQGSEFGPVFMTIPAFFAKSSSLY
Oncorhynchus_mykiss,TLYVTIEHKKLRTALNYILLNLAVADLFMVIGGFTTTMYTSMHGYFVFGRTGCNIEGFFATHGGEIALWSLVVLAIERWLVVCEPISNFRFSETHAIMGVAFTWVMAAACSVPPLLGWSRYIPEGMQCSCGIDYYTRAPDINNESFVIYMFVVHFMIPLFIISFCYGNLLCAVKAAAAAQQESETTQRAEREVTRMVIMMVVSFLVCWVPYASVAWYIFCNQGSEFGPVFMTIPAFFAKSSSLY
Oncorhynchus_nerka,TLYVTIEHKKLRTALNYILLNLAVADLFMVIGGFTTTMYTSMHGYFVFGRTGCNIEGFCATHGGEIALWSLVVLAIERWLVVCKPISNFRFSETHAIIGVAFTWVMAAACSVPPLLGWSRYIPEGMQCSCGIDYYTRAPDINNESFVIHMFVVHFMIPLFIISFCYGNLLCAVKAAAAAQQESETTQRAEREVTRMVIMMVVSFLVCWVPYASVAWYIFCNQGTEFGPVFMTIPAFFAKSSSLY
Oncorhynchus_tshawytscha,TLYVTIEHKKLRTALNYILLNLAVADLFMVIGGFTTTMYTSMHGYFVFGRTGCNIEGFFATHGGEIALWSLVVLAIERWLVVCKPISNFRFSETHAIMGVAFTWVMAAACSVPPLLGWSRYIPEGMQCSCGIDYYTRAPDINNESFVIYMFVVHFMIPLFIISFCYGNLLCAVKAAAAAQQESETTQRAEREVTRMVIMMVVSFLVCWVPYASVAWYIFCNQGSEFGPVFMTIPAFFAKSSSLY
Prosopium_coulterii,TLYVTIEHKKLRTALNYILLNLAVADLFMVIGGFTTTMYTSMHGYFVFGRTGCNIEGFFATHGGEIGLWSLVVLAIERWLVVCKPISSFRFSETHAIMGVAFTWVMASACSVPPLFGWSRYIPEGMQCSCGIDYYTRAPGINNESFVIYMFVVHFMIPLFIITFCYGNLLCAVKAAAAAQQESETTQRAEREVTRMVIMMVVSYLVSWVPYASVAWYIFCNQGSEFGPIFMTVPAFFAKSSALY
Prosopium_cylindraceum,TLYVTIEHKKLRTALNYILLNLAVADLFMVIGGFTTTMYTSMHGYFVFGRTGCNIEGFFATHGGEIGLWSLVVLAIERWLVVCKPISSFRFSETHAIMGVAFTWVMASACSVPPLFGWSRYIPEGMQCSCGIDYYTRAPGINNESFVIYMFIVHFSIPLFIITFCYGNLLCAVKAAAAAQQESETTQRAEREVTRMVIMMVVSYLVSWVPYASVAWYIFCNQGSEFGPVFMTVPAFFAKSSALY
Salmo_salar,TLYVTIEHKKLRTALNYILLNLAVADLFMVIGGFTTTMYTSMHGYFVFGRTGCNIEAFFATHGGEIGLWSLVVLAIERWLVVCKPISNFRFSETHAIIGVAFTWVMASACSVPPLLGWSRYIPEGMQCSCGIDYYTRAPGVNNESFVVYMFIVHFSIPLFIITFCYGNLLCAVKAAAAAQQESETTQRAEKEVTRMVIMMVVSYLVSWVPYASVAWYIFCNQGSEFGPVFMTIPAFFAKSSALY
Salmo_trutta,TLYVTIEHKKLRTALNYILLNLAVADLFMVIGGFTTTMYTSMHGYFVFGRTGCNIEGFFATHGGEIGLWSLVVLAIERWLVVCKPISNFRFSETHAIIGVAFTWVMASACSVPPLLGWSRYIPEGMQCSCGIDYYTRAPGVNNESFVVYMFIVHFSIPLFIITFCYGNLLCAVKAAAAAQQESETTQRAEREVTRMVIMMVVSYLVSWVPYASVAWYIFCNQGSEFGPVFMTIPAFFAKSSALY
Salvelinus_fontinalis,TLYVTIEHKKLRTALNYILLNLAVADLFMVIGGFTTTMYTSMHGYFVFGRTGCNIEGFFATHGGEIALWSLVVLAVERWLVVCKPISNFRFSETHAIMGVAFTWVMASACSVPPLLGWSRYIPEGMQCSCGIDYYTRAPEINNESFVIYMFIVHFLIPLIVISFCYGNLLCAVKAAAAAQQESETTQRAEREVTRMVIMMVVSFLVCWVPYASVAWYIFCNQGSEFGPVFMTIPAFFAKSSSLY
Salvelinus_namaycush,TLYVTIEHKKLRTALNYILLNLAVADLFMVIGGFTTTMYTSMHGYFVFGRTGCNIEGFFATHGGEIALWSLVVLAVERWLVVCKPISNFRFSETHAIMGVAFTWVMAAACSVPPLLGWSRYIPEGMQCSCGIDYYTRAPEINNESFVIYMFIVHFLIPLIVISFCYGNLLCAVKAAAAAQQESETTQRAEREVTRMVIMMVISYLVCWVPYASVAWYIFCNQGSEFGPVFMTIPAFFAKSSALY
Thymallus_arcticus,TLYVTIEHKKLRTALNYILLNLAVADLFMVIGGFTTTMYTSMNGYFVFGRTGCNIEGFFATHGGEIALWSLVVLAIERWLVVCKPISNFRFSETHAIMGVAFTWVMAAACSVPPLFGWSRYIPEGMQCSCGIDYYTRAPGINNESFVIYMFVVHFMIPLFIITFCYGNLLCAVKAAAAAQQESETTQRAEREVTRMVIMMVVSFLVCWVPYASVAWYIFCNQGSDFGPVFMTVPAFFAKSSSLY
Thymallus_thymallus,TLYVTIEHKKLRTALNYILLNLAVADLFMVIGGFTTTMYTSMNGYFVFGRTGCNIEGFFATHGGEIALWSLVVLAIERWLVVCKPISNFRFSETHAIMGVAFTWVMAAACSVPPLFGWSRYIPEGMQCSCGIDYYTRAPGINNESFVIYMFVVHFMIPLFIITFCYGNLLCAVKAAAAAQQESETTQRAEREVTRMVIMMVVSFLVCWVPYASVAWYIFCNQGSDFGPVFMTVPAFFAKSSSLY
21,TLYVTIEHKKLRTALNYILLNLAVADLFMVIGGFTTTMYTSMHGYFVFGRTGCNIEGFFATHGGEIALWSLVVLAIERWLVVCKPISNFRFSETHAIMGVAFTWVMASACSVPPLFGWSRYIPEGMQCSCGIDYYTRAPGINNESFVIYMFIVHFMIPLFIITFCYGNLLCAVKAAAAAQQESETTQRAEREVTRMVIMMVVSFLVCWVPYASVAWYIFCNQGSEFGPVFMTVPAFFAKSSSLY
22,TLYVTIEHKKLRTALNYILLNLAVADLFMVIGGFTTTMYTSMHGYFVFGRTGCNIEGFFATHGGEIALWSLVVLAIERWLVVCKPISNFRFSETHAIMGVAFTWVMASACSVPPLLGWSRYIPEGMQCSCGIDYYTRAPGINNESFVIYMFIVHFMIPLFIISFCYGNLLCAVKAAAAAQQESETTQRAEREVTRMVIMMVVSFLVCWVPYASVAWYIFCNQGSEFGPVFMTIPAFFAKSSSLY
23,TLYVTIEHKKLRTALNYILLNLAVADLFMVIGGFTTTMYTSMHGYFVFGRTGCNIEGFFATHGGEIALWSLVVLAIERWLVVCKPISNFRFSETHAIMGVAFTWVMASACSVPPLLGWSRYIPEGMQCSCGIDYYTRAPGINNESFVIYMFIVHFMIPLFIISFCYGNLLCAVKAAAAAQQESETTQRAEREVTRMVIMMVVSFLVCWVPYASVAWYIFCNQGSEFGPVFMTIPAFFAKSSSLY
24,TLYVTIEHKKLRTALNYILLNLAVADLFMVIGGFTTTMYTSMHGYFVFGRTGCNIEGFFATHGGEIALWSLVVLAIERWLVVCKPISNFRFSETHAIMGVAFTWVMASACSVPPLLGWSRYIPEGMQCSCGIDYYTRAPGINNESFVIYMFIVHFMIPLFIISFCYGNLLCAVKAAAAAQQESETTQRAEREVTRMVIMMVVSFLVCWVPYASVAWYIFCNQGSEFGPVFMTIPAFFAKSSSLY
25,TLYVTIEHKKLRTALNYILLNLAVADLFMVIGGFTTTMYTSMHGYFVFGRTGCNIEGFFATHGGEIALWSLVVLAIERWLVVCKPISNFRFSETHAIMGVAFTWVMAAACSVPPLLGWSRYIPEGMQCSCGIDYYTRAPDINNESFVIYMFVVHFMIPLFIISFCYGNLLCAVKAAAAAQQESETTQRAEREVTRMVIMMVVSFLVCWVPYASVAWYIFCNQGSEFGPVFMTIPAFFAKSSSLY
26,TLYVTIEHKKLRTALNYILLNLAVADLFMVIGGFTTTMYTSMHGYFVFGRTGCNIEGFFATHGGEIALWSLVVLAIERWLVVCKPISNFRFSETHAIMGVAFTWVMAAACSVPPLLGWSRYIPEGMQCSCGIDYYTRAPDINNESFVIYMFVVHFMIPLFIISFCYGNLLCAVKAAAAAQQESETTQRAEREVTRMVIMMVVSFLVCWVPYASVAWYIFCNQGSEFGPVFMTIPAFFAKSSSLY
27,TLYVTIEHKKLRTALNYILLNLAVADLFMVIGGFTTTMYTSMHGYFVFGRTGCNIEGFFATHGGEIALWSLVVLAIERWLVVCKPISNFRFSETHAIMGVAFTWVMAAACSVPPLLGWSRYIPEGMQCSCGIDYYTRAPDINNESFVIYMFVVHFMIPLFIISFCYGNLLCAVKAAAAAQQESETTQRAEREVTRMVIMMVVSFLVCWVPYASVAWYIFCNQGSEFGPVFMTIPAFFAKSSSLY
28,TLYVTIEHKKLRTALNYILLNLAVADLFMVIGGFTTTMYTSMHGYFVFGRTGCNIEGFFATHGGEIALWSLVVLAIERWLVVCKPISNFRFSETHAIIGVAFTWVMAAACSVPPLLGWSRYIPEGMQCSCGIDYYTRAPDINNESFVIYMFVVHFMIPLFIISFCYGNLLCAVKAAAAAQQESETTQRAEREVTRMVIMMVVSFLVCWVPYASVAWYIFCNQGSEFGPVFMTIPAFFAKSSSLY
29,TLYVTIEHKKLRTALNYILLNLAVADLFMVIGGFTTTMYTSMHGYFVFGRTGCNIEGFFATHGGEIALWSLVVLAIERWLVVCKPISNFRFTETHAIIGVAFTWVMAAACSVPPLLGWSRYIPEGMQCSCGIDYYTRAPDINNESFVIYMFVVHFMIPLFIISFCYGNLLCAVKAAAAAQQESETTQRAEREVTRMVIMMVVSFLVCWVPYASVAWYIFCNQGSEFGPVFMTIPAFFAKSSSLY
30,TLYVTIEHKKLRTALNYILLNLAVADLFMVIGGFTTTMYTSMHGYFVFGRTGCNIEGFFATHGGEIGLWSLVVLAIERWLVVCKPISNFRFSETHAIIGVAFTWVMASACSVPPLLGWSRYIPEGMQCSCGIDYYTRAPGVNNESFVVYMFIVHFSIPLFIITFCYGNLLCAVKAAAAAQQESETTQRAEREVTRMVIMMVVSYLVSWVPYASVAWYIFCNQGSEFGPVFMTIPAFFAKSSALY
31,TLYVTIEHKKLRTALNYILLNLAVADLFMVIGGFTTTMYTSMHGYFVFGRTGCNIEGFFATHGGEIALWSLVVLAVERWLVVCKPISNFRFSETHAIMGVAFTWVMASACSVPPLLGWSRYIPEGMQCSCGIDYYTRAPEINNESFVIYMFIVHFLIPLIVISFCYGNLLCAVKAAAAAQQESETTQRAEREVTRMVIMMVVSFLVCWVPYASVAWYIFCNQGSEFGPVFMTIPAFFAKSSSLY
32,TLYVTIEHKKLRTALNYILLNLAVADLFMVIGGFTTTMFTSMNGYFVFGRTGCNIEGFFATHGGEIALWSLVVLAIERWLVVCKPISNFRFSETHAIMGVAFTWVMASACSVPPLLGWSRYIPEGMQCSCGIDYYTRAPGFNNESFVIYMFIVHFLIPLIVISFCYGNLLCAVKAAAAAQQESETTQRAEREVTRMVIMMVVSFLVCWVPYASVAWYIFCNQGSEFGPVFMTIPAFFAKSSSLY
33,TLYVTIEHKKLRTALNYILLNLAVADLFMVIGGFTTTMYTSMNGYFVFGRTGCNIEGFFATHGGEIALWSLVVLAIERWLVVCKPISNFRFSETHAIMGVAFTWVMAAACSVPPLFGWSRYIPEGMQCSCGIDYYTRAPGINNESFVIYMFVVHFMIPLFIITFCYGNLLCAVKAAAAAQQESETTQRAEREVTRMVIMMVVSFLVCWVPYASVAWYIFCNQGSDFGPVFMTVPAFFAKSSSLY
34,TLYVTIEHKKLRTALNYILLNLAVADLFMVIGGFTTTMYTSMHGYFVFGRTGCNIEGFFATHGGEIGLWSLVVLAIERWLVVCKPISNFRFSETHAIMGVAFTWVMASACSVPPLFGWSRYIPEGMQCSCGIDYYTRAPGINNESFVIYMFIVHFMIPLFIITFCYGNLLCAVKAAAAAQQESETTQRAEREVTRMVIMMVVSYLVSWVPYASVAWYIFCNQGSEFGPVFMTVPAFFAKSSALY
35,TLYVTIEHKKLRTALNYILLNLAVADLFMVIGGFTTTMYTSMHGYFVFGRTGCNIEGFFATHGGEIGLWSLVVLAIERWLVVCKPISNFRFSETHAIMGVAFTWVMASACSMPPLFGWSRYIPEGMQCSCGIDYYTRAPGYNNESFVIYMFIVHFLIPLFIISFCYGNLLCAVKAAAAAQQESETTQRAEREVTRMVVMMVVSYLVSWVPYASVAWYIFSNQGSEFGPIFMTIPAFFAKSSALY
36,TLYVTIEHKKLRTALNYILLNLAVADLFMVIGGFTTTMYTSMHGYFVFGRTGCNIEGFFATHGGEIGLWSLVVLAIERWLVVCKPISNFRFSETHAIMGVAFTWVMASACSMPPLFGWSRYIPEGMQCSCGIDYYTRAPGYNNESFVIYMFIVHFLIPLFIISFCYGNLLCAVKAAAAAQQESETTQRAEREVTRMVVMMVVSYLVSWVPYASVAWYIFSNQGSEFGPIFMTIPAFFAKSSALY
37,TLYVTIEHKKLRTALNYILLNLAVADLFMVIGGFTTTMYTSMNGYFVFGRTGCNIEGFFATHGGEIGLWSLVVLAIERWLVVCKPISNFRFSETHAIMGVAFTWVMASACSMPPLFGWSRYIPEGMQCSCGIDYYTRAPGYNNESFVIYMFIVHFLIPLFIISFCYGNLLCAVKAAAAAQQESETTQRAEREVTRMVIMMVVSYLVSWVPYASVAWYIFSNQGSEFGPIFMTIPAFFAKSSALY
38,TLYVTIEHKKLRTALNYILLNLAVADLFMVIGGFTTTMYTSMHGYFVFGRTGCNIEGFFATHGGEIGLWSLVVLAIERWLVVCKPISSFRFSETHAIMGVAFTWVMASACSVPPLFGWSRYIPEGMQCSCGIDYYTRAPGINNESFVIYMFIVHFMIPLFIITFCYGNLLCAVKAAAAAQQESETTQRAEREVTRMVIMMVVSYLVSWVPYASVAWYIFCNQGSEFGPVFMTVPAFFAKSSALY
