Abyssocottus_korotneffi,TLYVTLEHKKLRTPLNYILLNLAVANLFMVLGGFTTTMYTSMHGYFVLGRLGCNLEAFFATLGGEIALWSLVVLAIERWIVVCKPISNFRFTEDHAIMGLAFTWVMALACAVPPLVGWSRYIPEGMQCSCGVDYYTRAEGFNNESFVIYMFIVHFLIPLSVIFFCYGRLLCAVKEAPAAQQESETTQRAEKEVSRMVVIMVIGFLVCWLPYASVAWWIFCNQGSDFGPIFMTLPSFFAKSAAIY
Artedius_fenestralis,TLYVTLEHKKLRTPLNYILLNLAVADLFMVLGGFTTTMYTSAHGYFVLGRLGCNVEGFFATLGGEIALWSLVVLAIERWIVVCKPISNFRFTEDHAIMGLAFSWVMASACAVPPLVGWSRYIPEGMQCSCGIDYYTRAEGFNNESFVIYMFTCHFLIPLCVIFFCYGRLLCAVKEAAAAQQESETTQRAEREVSRMVVIMVISFLVCWLPYAGVAWFIFCNQGSEFGPVFM-------------
Artedius_harringtoni,TLYVTLEHKKLRTPLNYILLNLAVADLFMVLGGFTTTMYTSAHGYFVLGRLGCNVEGFFATLGGEIALWSLVVLAIERWIVVCKPISNFRFTEDHAIMGLAFSWVMASACAVPPLVGWSRYIPEGMQCSCGIDYYTRAEGFNNESFVIYMFTCHFLIPLCVIFFCYGRLLCAVKEAAAAQQESETTQRAEREVSRMVVIMVISFLVCWLPYAGVAWFIFCNQGSEFGPVFM-------------
Artedius_lateralis,TLYVTLEHKKLRTPLNYILLNLAVADLFMVLGGFTTTMYTSAHGYFVLGRLGCNVEGFFATLGGEIALWSLVVLAIERWIVVCKPISNFRFTEDHAIMGLAFSWVMASACAVPPLVGWSRYIPEGMQCSCGIDYYTRAEGFNNESFVIYMFTCHFLIPLCVIFFCYGRLLCAVKEAAAAQQESETTQRAEREVSRMVVIMVISFLVCWLPYAGVAWFIFCNQGSEFGPVFM-------------
Artedius_notospilotus,TLYVTLEHKKLRTPLNYILLNLAVADLFMVLGGFTTTMYTSAHGYFVLGRLGCNVEGFFATLGGEIALWSLVVLAIERWIVVCKPISNFRFTEDHAIMGLAFSWVMASACAVPPLVGWSRYIPEGMQCSCGIDYYTRAEGFNNESFVIYMFTCHFVIPLCVIFFCYGRLLCAVKEAAAAQQESETTQRAEREVSRMVVIMVISFLVCWLPYAGVAWFIFCNQGSEFGPVFM-------------
Batrachocottus_multiradiatus,TLYVTLEHKKLRTPLNYILLNLAVADLFMVLGGFTTTMYTSMHGYFVLGRLGCNLEGFFATLGGEIALWSLVVLAIERWIVVCKPISNFRFTEDNAIMGLAFSWVMALTCAVPPLVGWSRYIPEGMQCSCGVDYYTRAEGFNNESFVIYMFIVHFPIPLSVIFFCYGRLLCAVKEAAAAQQESETTQRAEKEVSRMVVILVIGFLVCWLPYASVAWWIFCNQGSDFGPIFMTLPSFFAKRPAIY
Chitonotus_pugetensis,TLYVTLEHKKLRTPLNYILLNLAVADLFMVLGGFTTTMYTSAHGYFVLGRLGCNLEGFFATLGGEIALWSLVVLAIERWIVVCKPISNFRFTEDHAIMGLAFSWVMAMACAAPPLVGWSRYIPEGMQCSCGIDYYTRAEGFNNESFVLYMFSCHFLTPLTIIFFCYGRLLCAVKEAAAAQQESETTQRAEREVSRMVVLMVISFLVCWLPYASVAWFIFCNQGSEFGPVFM-------------
Clinocottus_acuticeps,TLYVTLEHKKLRTPLNYILLNLAVADLFMVLGGFTTTMYTSAHGYFVLGRLGCNVEGFFATLGGEIGLWSLVVLAIERWIVVCKPISNFRFTEDHAIMGLAFSWVMASACAVPPLVGWSRYIPEGMQCSCGIDYYTRAEGFNNESFVIYMFTCHFLIPLCIIFFCYGRLLCAVKEAAAAQQESETTQRAEREVSRMVVIMVISFLVCWLPYAGVAWFIFCNQGSEFGPVFM-------------
Clinocottus_analis,TLYVTLEHKKLRTPLNYILLNLAVADLFMVLGGFTTTMYTSAHGYFVLGRLGCNVEGFFATLGGEIGLWSLVVLAIERWIVVCKPISNFRFTEDHAIMGLAFSWIMASACAVPPLVGWSRYIPEGMQCSCGIDYYTRAEGFNNESFVIYMFTCHFLIPLCIIFFCYGRLLCAVKEAAAAQQESETTQRAEREVSRMVVIMVISFLVCWLPYAGVAWFIFCNQGSEFGPVFM-------------
Clinocottus_embryum,TLYVTLEHKKLRTPLNYILLNLAVADLFMVLGGFTTTMYTSAHGYFVLGRLGCNVEGFFATLGGEIGLWSLVVLAIERWIVVCKPISNFRFTEDHAIMGLAFSWVMASACAVPPLVGWSRYIPEGMQCSCGIDYYTRAEGFNNESFVIYMFTCHFLIPLCIIFFCYGRLLCAVKEAAAAQQESETTQRAEREVSRMVVIMVISFLVCWLPYAGVAWFIFCNQGSEFGPVFM-------------
Clinocottus_globiceps,TLYVTLEHKKLRTPLNYILLNLAVADLFMVLGGFTTTMYTSAHGYFVLGRLGCNVEGFFATLGGEIGLWSLVVLAIERWIVVCKPISNFRFTEDHAIMGLAFSWVMASACAVPPLVGWSRYIPEGMQCSCGIDYYTRAEGFNNESFVIYMFTCHFLIPLCIIFFCYGRLLCAVKEAAAAQQESETTQRAEREVSRMVVIMVISFLVCWLPYAGVAWFIFCNQGSEFGPVFM-------------
Clinocottus_recalvus,TLYVTLEHKKLRTPLNYILLNLAVADLFMVLGGFTTTMYTSAHGYFVLGRLGCNVEGFFATLGGEIGLWSLVVLAIERWIVVCKPISNFRFTEDHAIMGLAFSWVMASACAVPPLVGWSRYIPEGMQCSCGIDYYTRAEGFNNESFVIYMFTCHFLIPLCIIFFCYGRLLCAVKEAAAAQQESETTQRAEREVSRMVVIMVISFLVCWLPYAGVAWFIFCNQGSEFGPVFM-------------
Comephorus_dybowskii,TLYVTLEHKKLRTPLNYILLNLAVADLFMVLGGFTTTMYTSMHGYFVLGRLGCNLEGFFATLGGEIALWSLVVLAIERWIVVCKPISNFRFTEDHAIMGLAFSWVMALSCSVPPLVGWSRYIPEAMQCSCGVDYYTRAEGFNTESFVLYMFTVHFLIPLSVIFFCYGRLLCAVKEAAAAQQESETTQRSEKEVSRMVVLMVIGFLVCWLPYASTAWWIFCNQGSEFGPVFMTIPAFFAKSSAIY
Cottinella_boulengeri,TLYVTLEHKKLRTPLNYILLNLAVGNLFMVLGGFTTTMYTSMHGYFVLGRLGCNLEGFFATLGGEIALWSLVVLAIERWIVVCKPISKFRFTEDHAIMGLAFSWVMGLACAVPPLVGWSRYIPEGMKCSCGVDYYTRAEGFNNESFVIYMFIVHFLIPLSVIFFCYGRLLCAVKEAAAAQQESETTQRAEKEVSRMVVIMVIGFLVCWLPYASVAWWIFCNQGSDFGPIFMTLPSFFAKRPAIY
Cottocomephorus_inermis,TLYVTIEHKKLRTPLNYILLNLAVANLFMVLGGFTTTMYTSMHGYFVLGRLGCNLEGFFATMGGEIALWSLVVLAIERWIVVCKPISNFRFTEDHAIMGLAFTWVMALSCAVPPLVGWSRYIPEGMQCSCGVDYYTRAEGFNNESFVIYMFIVHFLTPLIIISFCYGRLLCAVKEAAAAQQESETTQRAEREVSRMVVMMVISFLMCWLPYASVAWYIFCNQGSEFGPIFMTLPAFFAKSSAIY
Cottunculus_thomsonii,TLYVTLEHKKLRTPLNYILLNLAVANLFMVLGGFTTTMYTSAHGYFVLGRLGCNLEGFFATLGGEIALWSLVVLAIERWIVVCKPISNFRFTEDHAIMGLSFSWVMALACSVPPLVGWSRHIPDGMQCSCRVDYYTRAEGFNNESYVIYMFTCHFSIPLTVIFFCYGRLLCAVKEAAAAQQESETTQRAEREVSRMVVIMVIGFLVCWLPYASVAWFIFMYQGSEFGPVFMTIPSFF-------
Cottus_aleuticus,TLYVTLEHKKLRTPLNYILLNLAVADLFMVLGGFTTTMYTSMHGYFVLGRLGCNLEGFFATLGGEIALWSLVVLAIERWIVVCKPISNFRFTEDHAIMGLAFSWVMAATCAVPPLVGWSRYIPEGMQCSCGVDYYTRAEGFNNESFVIYMFIVHFLVPLVVIFFCYGRLLCAVKEAAAAQQESETTQRAEKEVSRMVVIMVIGYLVCWLPYASVAWWIFCNQGSEFGPILMTLPAFFAKSSAIY
Cottus_asper,TLYVTIEHKKLRTPLNYILLNLAVANLFMVLGGFTTTMYTSMHGYFVLGRLGCNLEGFFATLGGEIGLWSLVVLAIERWIVVCKPISNFRFNENHAIMGLAFTWVMAMSCAGPPLVGWSRYIPEGMQCSCGVDYYTRAEGFNNESFVIYMFIVHFTIPLTVILFCYGRLLCAVKEAAAAQQESETTQRAEKEVSRMVVMMVISYLVCWLPYAGVAWYIFCNQGSEFGPVFMTL-----------
Cottus_bairdii,TLYVTLEHKKLRTPLNYILLNLAVADLFMVFGGFTTTMYTSMHGYFVLGRLGCNLEGFFATLGGEIGLWSLVVLAIERWIVVCKPISNFRFTEDHAIMGLAFSWIMASSCAVPPLVGWSRYIPEGMQCSCGVDYYTRAEGFNNESFVIYMFIVHFSIPLTVIFFCYGRLLCAVKEAAAAQQESETTQRAEKEVSRMVVMMVVSYLVCWLPYASVAWYIFCNQGSEFGPIFMTLPAF--------
Cottus_cognatus,TLYVTLEHKKLRTPLNYILLNLAVADLFMVLGGFTTTMYTSMHGYFVLGRLGCNLEGFFATLGGEIGLWSLVVLAIERWIVVCKPISNFRFTEDHAIMGLAFSWVMASTCAVPPLVGWSRYIPEGMQCSCGVDYYTRAEGFNNESFVIYMFIVHFLIPLTIILFCYGRLLCAVKEAAAAQQESETTQRAEKEVSRMVVMMVIGYLACWL-----------------------------------
Cottus_confusus,TLYVTLEHKKLRTPLNYILLNLAVADLFMVLGGFTTTMYTSMHGYFVLGRLGCNLEGFFATLGGEIGLWSLVVLAIERWIVVCKPISNFRFTEDHAIMGLAFSWVMASTCAVPPLVGWSRYIPEGMQCSCGVDYYTRAEGFNNESFVIYMFIVHFLIPLTIILFCYGRLLCAVKEAAAAQQESETTQRAEKEVSRMVVMMVIGYLACWLPYASVAWWIFCNQGSEFGPIFMTLPA-LAK-----
Cottus_rhotheus,TLYVTLEHKKLRTPLNYILLNLAVADLFMVFGGFTTTMYTSMHGYFVLGRLGCNLEGFFATLGGEIGLWSLVVLAIERWIVVCKPISNFRFTEDHAIMGLAFSWIMASSCAVPPLVGWSRYIPEGMQCSCGVDYYTRAEGFNNESFVIYMFIVHFSIPLTVIFFCYGRLLCAVKEAAAAQQESETTQRAEKEVSRMVVMMVVSYLVCWLPYASVAWYIFCNQGSEFGPIFMTLPAFFAKSSAVY
Cottus_ricei,TLYVTLEHKKLRTPLNYILLNLAVADLFMVLGGFTTTMYTSMHGYFVLGRLGCNLEGFFATLGGEIGLWSLVVLAIERWIVVCKPISNFRFTEDHAIMGLAFSWVMASSCAVPPLVGWSRYIPEGMQCSCGVDYYTRAEGFNNESFVIYMFIVHFLVPLTVIFFCYGRLLCAVKEAAAAQQESETTQRAEKEVSRMVVLMVISYLVCWLPYAGVAWWIFCNQGSEFGPILMTLP----------
Enophrys_bison,TLYVTLEHKKLRTPLNYILLNLAVADLFMVLGGFTTTMYTSAHGYFVLGRLGCNVEGFFATLGGEIALWSLVVLAVERWIVVCKPISNFRFTEDHAIMGLAFSWVMASACAVPPLVGWSRYIPEGMQCSCGVDYYTRAEGFNNESFVIYMFVCHFVIPLFVIFFCYGRLLCAVKEAAAAQQESETTQRAEREVSRMVVIMVISFLVCWLPYASVAWYIFCNQGSEFGPVFM-------------
Enophrys_lucasi,TLYVTLEHKKLRTPLNYILLNLAVADLFMVLGGFTTTMYTSAHGYFVLGRLGCNVEGFFATLGGEIALWSLVVLAIERWIVVCKPISNFRFTEDHAIMGLGFSWVMASACAVPPLVGWSRYIPEGMQCSCGIDYYTRAEGFNNESFVIYMFTCHFLIPLVVIFFCYGRLLCAVKEAAAAQQESETTQRAEREVSRMVVIMVIGFLVCWLPYASVAWYIFCNQGSEFGPVFM-------------
Icelinus_filamentosus,TLYVTLEHKKLRTPLNYILLNLAVANLFMVLGGFTTTMYTSAHGYFVLGRLGCNLEGFFATLGGEIGLWSLVVLAIERWIVVCKPISNFRFTEDHAIMGLGFSWVMALACAVPPLVGWSRYIPEGMQCSCGVDYYTRAEGFNNESFVLYMFSCHFLTPLCIVFFCYGRLLCAVKEAAAAQQESETTQRAEREVSRMVVLMVISFLVCWLPYASVAWYIFCNQGSEFGPVFM-------------
Leiocottus_hirundo,TLYVTLEHKKLRTPLNYILLNLAVADLFMVLGGFTTTMYTSAHGYFVLGRLGCNVEGFFATLGGEIALWSLVVLAIERWIVVCKPISNFRFTEDHAIMGLAFSWIMASACAVPPLVGWSRYIPEGMQCSCGIDYYTRAEGFNNESFVIYMFTCHFLIPLCVIFFCYGRLLCAVKEAAAAQQESETTQRAEREVSRMVVIMVISFLVCWLPYAGVAWFIFCNQGSEFGPVFM-------------
Leocottus_kesslerii,TLYVTLEHKKLRTPLNYILLNLAVADLFMVLGGFTTTMYTSMHGYFVLGRLGCNLEGFFATLGGEIALWSLVVLAIERWIVVCKPISNFRFTEDHAIMGLGFSWVMAATCAVPPLVGWSRYIPEGMQCSCGVDYYTRAEGFNNESFVIYMFIVHFLIPLIVIFFCYGRLLCAVKEAAAAQQESETTQRAEKEVSRMVVIMVIGYLVCWLPYASVAWWIFCNQGSEFGPIFMTL-----------
Leptocottus_armatus,TLYVTLEHKKLRTPLNYILLNLAVADLFMVLGGFTTTMYTSMHGYFVLGRLGCNLEGFFATLGGEIALWSLVVLAIERWIVVCKPISNFRFTEDHAIMGLGFSWVMASSCAVPPLVGWSRYIPEGMQCSCGVDYYTRAEGFNNESFVIYMFIVHFLVPLVVIFFCYGRLLCAVKEAAAAQQESETTQRAEKEVSRMVVIMVIGYLVCWLPYASVAWWIFCNQGSEFGPIFM-------------
Limnocottus_bergianus,TLYVTLEHKKLRTPLNYILLNLAVADLFMVLGGFTTTMYTSMHGYSVLGRLGCILEGFFATLGGEIALWSLVVLAIERWIVVCKPISNFRFTEDHAIMGLAFSWVMALACAVPPLVGWSRYIPEGMQCSCGVDYYTRAEGFNNESFVIYMFIVHFLIPLSVIFFCYGRLLCAVKEAAAAQQESETTQRPEKEVTRMVVIMVIAFLVCCLPNASVAWWIFCNQGSDFGPIFMTLPSFFAKSAAIY
Limnocottus_pallidus,TLYVTLEHKKLRTPLNYILLNLAVADLFMVLGGFTTTMYTSMHGYFVLGRLGCNLEGFFATLGGEIALWSLVVLAIERWIVGLKPIRNFRFTEDHAIMGLAFSWVMALSCAVPPLAGWLRYIPEGIQGSCGVDYYTRAEGFNNESFVIYMFTVHFLIPLSVIFFCYGRLLCAVKEAAAAQQESETTQRAEKEVSRMVVIMVIGFLVCWLPYASVAWWIFCNQGSDFGPIFMTLPSFFAKRPAIY
Myoxocephalus_octodecemspinosus,TLYVTLEHKKLRTPLNYILLNLAVADLFMVLGGFTTTMYTSAHGYFVLGRLGCNLEGFFATLGGEIALWSLVVLAVERWVVVCKPISNFRFTEDHAIMGLAFSWFMASACAVPPLFGWSRYIPEGMQCSCGVDYYTRAEGFNNESFVIYMFTCHFLFPLSVIFFCYGRLLCAVKEAAAAQQESETTQRAEKEVSRMVVIMVIGFLVCWLPYASV------------------------------
Myoxocephalus_polyacanthocephalus,TLYVTLEHKKLRTPLNYILLNLAVADLFMVLGGFTTTMYTSAHGYFVLGRLGCNVEGFFATLGGEIALWSLVVLAIERWIVVCKPISNFRFTEDHAIMGLGFSWVMASACAVPPLVGWSRYIPEGMQCSCGIDYYTRAEGFNNESFVIYMFTCHFLIPLVVIFFCYGRLLCAVKEAAAAQQESETTQRAEREVSRMVVIMVIGFLVCWLPYASVAWYIFCNQGSEFGPVFM-------------
Myoxocephalus_quadricornis,TLYVTLEHKKLRTPLNYILLNLAVADLFMVLGGFTTTMYTSAHGYFVLGRLGCNVEGFFATLGGEISLWSLVVLAIERWIVVCKPISNFRFTEDHAIMGLAFSWFMASACAVPPLFGWSRYIPEGMQCSCGIDYYTRAEGFNNESFVIYMFTCHFLIPLVVIFFCYGRLLCAVKEAAAAQQESETTQRAEKEVSRMVVIMVIGYLVCWLPYASVAWFIFCNQGSEFGPVFMTIPAFFAKSSSIY
Myoxocephalus_scorpius,TLYVTLEHKKLRTPLNYILLNLAVADLFMVLGGFTTTMYTSAHGYFVLGRLGCNVEGFFATLGGEIALWSLVVLAIERWIVVCKPISNFRFTEDHAIMGLAFSWVMASACAVPPLVGWSRYIPEGMQCSCGIDYYTRAEGFNNESFVIYMFTCHFLIPLVVIFFCYGRLLCAVKEAAAAQQESETTQRAEREVSRMVVIMVIGFLVCWLPYASVAWYIFCNQGSEFGPVFMTIPAFFAKSSSIY
Myoxocephalus_thompsonii_1,TLYVTLEHKKLRTPLNYILLNLAVADLFMVLGGFTTTMYTSAHGYFVLGRLGCNVEGFFATLGGEISLWSLVVLAIERWIVVCKPISNFRFTEDHAIMGLAFSWFMASACAVPPLFGWSRYIPEGMQCSCGIDYYTRAEGFNNESFVIYMFTCHFLIPLVVIFFCYGRLLCAVKEAAAAQQESETTQRAEKEVSRMVVIMVIGYLVCWLPYASVAWFIFCNQGSEFGPVFMTIPAFFAKSSSIY
Myoxocephalus_thompsonii_2,TLYVTLEHKKLRTPLNYILLNLAVADLFMVLGGFTTTMYTSAHGYFVLGRLGCNVEGFFATLGGEISLWSLVVLAIERWIVVCKPISNFRFTEDHAIMGLAFSWFMASACAVPPLFGWSRYIPEGMQCSCGIDYYTRAEGFNNESFVIYMFTCHFLIPLVVIFFCYGRLLCAVKEAAAAQQESETTQRAEKEVSRMVVIMVIGYLVCWLPYASVAWFIFCNQGSEFGPVFMTIPAFFAKSSSIY
Myoxocephalus_thompsonii_3,TLYVTLEHKKLRTPLNYILLNLAVADLFMVLGGFTTTMYTSAHGYFVLGRLGCNVEGFFATLGGEISLWSLVVLAIERWIVVCKPISNFRFTEDHAIMGLAFSWFMASACAVPPLFGWSRYIPEGMQCSCGIDYYTRAEGFNNESFVIYMFTCHFLIPLVVIFFCYGRLLCAVKEAAAAQQESETTQRAEKEVSRMVVIMVIGFLVCWLPYASVAWFIFCNQGSEFGPVFMTIPAFFAKSSSIY
Megalocottus_platycephalus,TLYVTLEHKKLRTPLNYILLNLAVADLFMVLGGFTTTMYTSAHGYFVLGRLGCNVEGFFATLGGEISLWSLVVLAIERWIVVCKPISNFRFTEDHAIMGLAFSWFMASACAVPPLFGWSRYIPEGMQCSCGIDYYTRAEGFNNESFVIYMFTCHFLIPLVVIFFCYGRLLCAVKEAAAAQQESETTQRAEKEVSRMVVIMVIGYLVCWLPYASVAWFIFCNQGSEFGPVFMTIPAFFAKSSSIY
Myoxocephalus_jaok,TLYVTLEHKKLRTPLNYILLNLAVADLFMVLGGFTTTMYTSAHGYFVLGRLGCNVEGFFATLGGEIALWSLVVLAIERWIVVCKPISNFRFTEDHAIMGLGFSWVMASACAVPPLVGWSRYIPEGMQCSCGIDYYTRAEGFNNESFVIYMFTCHFLIPLVVIFFCYGRLLCAVKEAAAAQQESETTQRAEREVSRMVVIMVIGFLVCWLPYASVAWYIFCNQGSEFGPVFMTIPAFFAKSSSIY
Oligocottus_maculosus,TLYVTLEHKKLRTPLNYILLNLAVADLFMVLGGFTTTMYTSAHGYFVLGRLGCNVEGFFATLGGEIGLWSLVVLAIERWIVVCKPISNFRFTEDHAIMGLAFSWVMASACAVPPLVGWSRYIPEGMQCSCGIDYYTRAEGFNNESFVIYMFTCHFLIPLCIIFFCYGRLLCAVKEAAAAQQESETTQRAEREVSRMVVIMVISFLVCWLPYAGVAWFIFCNQGSEFGPVFM-------------
Oligocottus_rimensis,TLYVTLEHKKLRTPLNYILLNLAVADLFMVLGGFTTTMYTSAHGYFVLGRLGCNVEGFFATLGGEIGLWSLVVLAIERWIVVCKPISNFRFTEDHAIMGLAFSWVMASACAVPPLVGWSRYIPEGMQCSCGIDYYTRAEGFNNESFVIYMFTCHFLIPLCIIFFCYGRLLCAVKEAAAAQQESETTQRAEREVSRMVVIMVISFLVCWLPYAGVAWFIFCNQGSEFGPVFM-------------
Oligocottus_rubellio,TLYVTLEHKKLRTPLNYILLNLAVADLFMVLGGFTTTMYTSAHGYFVLGRLGCNVEGFFATLGGEIGLWSLVVLAIERWIVVCKPISNFRFTEDHAIMGLGFSWVMASA-AVPPLVGWSRYIPEGMQCSCGIDYYTRAEGFNNESFVLYMFTCHFLIPLCIIFFCYGRLLCAVKEAAAAQQESETTQRAEREVSRMVVIMVISFLVCWLPYAGVAWFIFCNQGSEFGPVFM-------------
Oligocottus_snyderi,TLYVTLEHKKLRTPLNYILLNLAVADLFMVLGGFTTTMYTSAHGYFVLGRLGCNVEGFFATLGGEIGLWSLVVLAIERWIVVCKPISNFRFTEDHAIMGLGFSWLMASACAVPPLVGWSRYIPEGMQCSCGIDYYTRAEGFNNESFVLYMFSCHFLIPLCI-FFCYGRLLCAVKEAAAAQQESETTQRAEREVSRMVVIMVISFLVCWLPYAGVAWFIFCNQGSEFGPVFM-------------
Orthonopias_triacis,TLYVTLEHKKLRTPLNYILLNLAVADLFMVLGGFTTTMYTSAHGYFVLGRLGCNVEGFFATLGGEIALWSLVVLAIERWIVVCKPISNFRFTEDHAIMGLAFSWVMASACAVPPLVGWSRYIPEGMQCSCGIDYYTRAEGFNNESFVIYMFTCHFLIPLCVIFFCYGRLLCAVKEAAAAQQESETTQRAEREVSRMVVIMVISFLVCWLPYAGVAWFIFCNQGSEFGPVFM-------------
Paracottus_knerii,TLYVTLEHKKLRTPLNYILLNLAVADLFMVLGGFTTTMYTSMHGYFVLGRLGCNLEGFFATLGGEIALWSLVVLAIERWIVVCKPISNFRFTEDHAIMGLGFSWVMASTCAVPPLVGWSRYIPEGMQCSCGVDYYTRAEGFNNESFVIYMFIVHFLIPLIVIFFCYGRLLCAVKEAAAAQQESETTQRAEKEVSRMVVIMVIGYLVCWLPYASVAWWIFCNQGSEFGPIFMTL-----------
Procottus_major,TLYVTLDHKKLRTPLNYILLNLAVANLFMVLGGFTTTMYTSMHGYFVLGRLGCNLEGFFATMGGEIALWSLVVLAIERWIVVCKPISNFRFTEDHAIMGLAFSWVMALTCAVPPLVGWSRYIPEGMQCSCGVDYYTRAEGFNNESFVIYMFIVHFLTPLSIIFFCYGRLLCAVKEAAAAQQESETTQRAEKEVSRMVVIMVIGFLVCWLPYASVAWWIFCNQGSEFGPIFMTL-----------
Taurulus_bubalis,TLYVTLEHKKLRTPLNYILLNLAVADLFMVLGGFTTTMYTSAHGYFVLGRLGCNVEGFFATLGGEIALWSLVVLAVERWIVVCKPISNFRFTEEHAIMGLGFNWVMASACAVPPLVGWSRYIPEGMQCSCGINYYTRSEGFNNESLVMKMLICHFLIPLFVIFFCYGRMLCAVKEAAAAQQESETTQRAEREVSRMVVIMVISFLVCWLPYASVAWYIFCNQGSEFGPVFMTLPAFFAKSASIY
Triglops_nybelini,TLYVTLEHKKLRTPLNYILLNLAVANLFMVLGGFTTTMYTSAHGYFVLGRLGCNLEGF-ATLGGEIALWSLVVLAVERWVVVCKPISNFRFTEDHAIMGLAFSWVMASACAVPPLVGWSRYIPEGMQCSCGVDYYTRAEGFNNESFVIYMFTCHFLTPLIVIFFCYGRLLCAVKEAAAAQQESETTQRAEREVSRMVVIMVIGFLVCWLPYASVAWFIFCNQGSEFGPVFMTIPAFFAKSSAVY
50,TLYVTLEHKKLRTPLNYILLNLAVADLFMVLGGFTTTMYTSMHGYFVLGRLGCNLEGFFATLGGEIALWSLVVLAIERWIVVCKPISNFRFTEDHAIMGLAFSWVMASSCAVPPLVGWSRYIPEGMQCSCGVDYYTRAEGFNNESFVIYMFIVHFLVPLVVIFFCYGRLLCAVKEAAAAQQESETTQRAEKEVSRMVVIMVIGYLVCWLPYASVAWWIFCNQGSEFGPIFMTLPAFFAKSSAIY
51,TLYVTLEHKKLRTPLNYILLNLAVADLFMVLGGFTTTMYTSAHGYFVLGRLGCNLEGFFATLGGEIALWSLVVLAIERWIVVCKPISNFRFTEDHAIMGLAFSWVMASACAVPPLVGWSRYIPEGMQCSCGVDYYTRAEGFNNESFVIYMFTCHFLIPLVVIFFCYGRLLCAVKEAAAAQQESETTQRAEREVSRMVVIMVIGFLVCWLPYASVAWFIFCNQGSEFGPVFMTIPAFFAKSSAIY
52,TLYVTLEHKKLRTPLNYILLNLAVADLFMVLGGFTTTMYTSAHGYFVLGRLGCNLEGFFATLGGEIALWSLVVLAIERWIVVCKPISNFRFTEDHAIMGLAFSWVMASACAVPPLVGWSRYIPEGMQCSCGIDYYTRAEGFNNESFVIYMFTCHFLIPLVVIFFCYGRLLCAVKEAAAAQQESETTQRAEREVSRMVVIMVIGFLVCWLPYASVAWFIFCNQGSEFGPVFMTIPAFFAKSSAIY
53,TLYVTLEHKKLRTPLNYILLNLAVADLFMVLGGFTTTMYTSAHGYFVLGRLGCNLEGFFATLGGEIALWSLVVLAIERWIVVCKPISNFRFTEDHAIMGLAFSWVMASACAVPPLVGWSRYIPEGMQCSCGIDYYTRAEGFNNESFVIYMFTCHFLIPLCIIFFCYGRLLCAVKEAAAAQQESETTQRAEREVSRMVVIMVISFLVCWLPYASVAWFIFCNQGSEFGPVFMTIPAFFAKSSAIY
54,TLYVTLEHKKLRTPLNYILLNLAVADLFMVLGGFTTTMYTSAHGYFVLGRLGCNLEGFFATLGGEIALWSLVVLAIERWIVVCKPISNFRFTEDHAIMGLAFSWVMASACAVPPLVGWSRYIPEGMQCSCGIDYYTRAEGFNNESFVIYMFTCHFLIPLCIIFFCYGRLLCAVKEAAAAQQESETTQRAEREVSRMVVIMVISFLVCWLPYASVAWFIFCNQGSEFGPVFMTIPAFFAKSSAIY
55,TLYVTLEHKKLRTPLNYILLNLAVADLFMVLGGFTTTMYTSAHGYFVLGRLGCNVEGFFATLGGEIALWSLVVLAIERWIVVCKPISNFRFTEDHAIMGLAFSWVMASACAVPPLVGWSRYIPEGMQCSCGIDYYTRAEGFNNESFVIYMFTCHFLIPLCIIFFCYGRLLCAVKEAAAAQQESETTQRAEREVSRMVVIMVISFLVCWLPYAGVAWFIFCNQGSEFGPVFMTIPAFFAKSSAIY
56,TLYVTLEHKKLRTPLNYILLNLAVADLFMVLGGFTTTMYTSAHGYFVLGRLGCNVEGFFATLGGEIGLWSLVVLAIERWIVVCKPISNFRFTEDHAIMGLAFSWVMASACAVPPLVGWSRYIPEGMQCSCGIDYYTRAEGFNNESFVIYMFTCHFLIPLCIIFFCYGRLLCAVKEAAAAQQESETTQRAEREVSRMVVIMVISFLVCWLPYAGVAWFIFCNQGSEFGPVFMTIPAFFAKSSAIY
57,TLYVTLEHKKLRTPLNYILLNLAVADLFMVLGGFTTTMYTSAHGYFVLGRLGCNVEGFFATLGGEIGLWSLVVLAIERWIVVCKPISNFRFTEDHAIMGLAFSWVMASACAVPPLVGWSRYIPEGMQCSCGIDYYTRAEGFNNESFVIYMFTCHFLIPLCIIFFCYGRLLCAVKEAAAAQQESETTQRAEREVSRMVVIMVISFLVCWLPYAGVAWFIFCNQGSEFGPVFMTIPAFFAKSSAIY
58,TLYVTLEHKKLRTPLNYILLNLAVADLFMVLGGFTTTMYTSAHGYFVLGRLGCNVEGFFATLGGEIGLWSLVVLAIERWIVVCKPISNFRFTEDHAIMGLAFSWVMASACAVPPLVGWSRYIPEGMQCSCGIDYYTRAEGFNNESFVIYMFTCHFLIPLCIIFFCYGRLLCAVKEAAAAQQESETTQRAEREVSRMVVIMVISFLVCWLPYAGVAWFIFCNQGSEFGPVFMTIPAFFAKSSAIY
59,TLYVTLEHKKLRTPLNYILLNLAVADLFMVLGGFTTTMYTSAHGYFVLGRLGCNVEGFFATLGGEIGLWSLVVLAIERWIVVCKPISNFRFTEDHAIMGLAFSWVMASACAVPPLVGWSRYIPEGMQCSCGIDYYTRAEGFNNESFVIYMFTCHFLIPLCIIFFCYGRLLCAVKEAAAAQQESETTQRAEREVSRMVVIMVISFLVCWLPYAGVAWFIFCNQGSEFGPVFMTIPAFFAKSSAIY
60,TLYVTLEHKKLRTPLNYILLNLAVADLFMVLGGFTTTMYTSAHGYFVLGRLGCNVEGFFATLGGEIGLWSLVVLAIERWIVVCKPISNFRFTEDHAIMGLAFSWVMASACAVPPLVGWSRYIPEGMQCSCGIDYYTRAEGFNNESFVIYMFTCHFLIPLCIIFFCYGRLLCAVKEAAAAQQESETTQRAEREVSRMVVIMVISFLVCWLPYAGVAWFIFCNQGSEFGPVFMTIPAFFAKSSAIY
61,TLYVTLEHKKLRTPLNYILLNLAVADLFMVLGGFTTTMYTSAHGYFVLGRLGCNVEGFFATLGGEIGLWSLVVLAIERWIVVCKPISNFRFTEDHAIMGLAFSWVMASACAVPPLVGWSRYIPEGMQCSCGIDYYTRAEGFNNESFVIYMFTCHFLIPLCIIFFCYGRLLCAVKEAAAAQQESETTQRAEREVSRMVVIMVISFLVCWLPYAGVAWFIFCNQGSEFGPVFMTIPAFFAKSSAIY
62,TLYVTLEHKKLRTPLNYILLNLAVADLFMVLGGFTTTMYTSAHGYFVLGRLGCNVEGFFATLGGEIGLWSLVVLAIERWIVVCKPISNFRFTEDHAIMGLAFSWIMASACAVPPLVGWSRYIPEGMQCSCGIDYYTRAEGFNNESFVIYMFTCHFLIPLCIIFFCYGRLLCAVKEAAAAQQESETTQRAEREVSRMVVIMVISFLVCWLPYAGVAWFIFCNQGSEFGPVFMTIPAFFAKSSAIY
63,TLYVTLEHKKLRTPLNYILLNLAVADLFMVLGGFTTTMYTSAHGYFVLGRLGCNVEGFFATLGGEIGLWSLVVLAIERWIVVCKPISNFRFTEDHAIMGLAFSWVMASACAVPPLVGWSRYIPEGMQCSCGIDYYTRAEGFNNESFVIYMFTCHFLIPLCIIFFCYGRLLCAVKEAAAAQQESETTQRAEREVSRMVVIMVISFLVCWLPYAGVAWFIFCNQGSEFGPVFMTIPAFFAKSSAIY
64,TLYVTLEHKKLRTPLNYILLNLAVADLFMVLGGFTTTMYTSAHGYFVLGRLGCNVEGFFATLGGEIGLWSLVVLAIERWIVVCKPISNFRFTEDHAIMGLAFSWVMASACAVPPLVGWSRYIPEGMQCSCGIDYYTRAEGFNNESFVIYMFTCHFLIPLCIIFFCYGRLLCAVKEAAAAQQESETTQRAEREVSRMVVIMVISFLVCWLPYAGVAWFIFCNQGSEFGPVFMTIPAFFAKSSAIY
65,TLYVTLEHKKLRTPLNYILLNLAVADLFMVLGGFTTTMYTSAHGYFVLGRLGCNVEGFFATLGGEIALWSLVVLAIERWIVVCKPISNFRFTEDHAIMGLAFSWVMASACAVPPLVGWSRYIPEGMQCSCGIDYYTRAEGFNNESFVIYMFTCHFLIPLCVIFFCYGRLLCAVKEAAAAQQESETTQRAEREVSRMVVIMVISFLVCWLPYAGVAWFIFCNQGSEFGPVFMTIPAFFAKSSAIY
66,TLYVTLEHKKLRTPLNYILLNLAVADLFMVLGGFTTTMYTSAHGYFVLGRLGCNVEGFFATLGGEIALWSLVVLAIERWIVVCKPISNFRFTEDHAIMGLAFSWVMASACAVPPLVGWSRYIPEGMQCSCGIDYYTRAEGFNNESFVIYMFTCHFLIPLCVIFFCYGRLLCAVKEAAAAQQESETTQRAEREVSRMVVIMVISFLVCWLPYAGVAWFIFCNQGSEFGPVFMTIPAFFAKSSAIY
67,TLYVTLEHKKLRTPLNYILLNLAVADLFMVLGGFTTTMYTSAHGYFVLGRLGCNVEGFFATLGGEIALWSLVVLAIERWIVVCKPISNFRFTEDHAIMGLAFSWVMASACAVPPLVGWSRYIPEGMQCSCGIDYYTRAEGFNNESFVIYMFTCHFLIPLCVIFFCYGRLLCAVKEAAAAQQESETTQRAEREVSRMVVIMVISFLVCWLPYAGVAWFIFCNQGSEFGPVFMTIPAFFAKSSAIY
68,TLYVTLEHKKLRTPLNYILLNLAVADLFMVLGGFTTTMYTSAHGYFVLGRLGCNVEGFFATLGGEIALWSLVVLAIERWIVVCKPISNFRFTEDHAIMGLAFSWVMASACAVPPLVGWSRYIPEGMQCSCGIDYYTRAEGFNNESFVIYMFTCHFLIPLCVIFFCYGRLLCAVKEAAAAQQESETTQRAEREVSRMVVIMVISFLVCWLPYAGVAWFIFCNQGSEFGPVFMTIPAFFAKSSAIY
69,TLYVTLEHKKLRTPLNYILLNLAVADLFMVLGGFTTTMYTSAHGYFVLGRLGCNVEGFFATLGGEIALWSLVVLAIERWIVVCKPISNFRFTEDHAIMGLAFSWVMASACAVPPLVGWSRYIPEGMQCSCGIDYYTRAEGFNNESFVIYMFTCHFLIPLVVIFFCYGRLLCAVKEAAAAQQESETTQRAEREVSRMVVIMVIGFLVCWLPYASVAWYIFCNQGSEFGPVFMTIPAFFAKSSSIY
70,TLYVTLEHKKLRTPLNYILLNLAVADLFMVLGGFTTTMYTSAHGYFVLGRLGCNVEGFFATLGGEIALWSLVVLAIERWIVVCKPISNFRFTEDHAIMGLAFSWVMASACAVPPLVGWSRYIPEGMQCSCGIDYYTRAEGFNNESFVIYMFTCHFLIPLVVIFFCYGRLLCAVKEAAAAQQESETTQRAEREVSRMVVIMVIGFLVCWLPYASVAWYIFCNQGSEFGPVFMTIPAFFAKSSSIY
71,TLYVTLEHKKLRTPLNYILLNLAVADLFMVLGGFTTTMYTSAHGYFVLGRLGCNVEGFFATLGGEIALWSLVVLAIERWIVVCKPISNFRFTEDHAIMGLAFSWVMASACAVPPLVGWSRYIPEGMQCSCGIDYYTRAEGFNNESFVIYMFTCHFLIPLVVIFFCYGRLLCAVKEAAAAQQESETTQRAEREVSRMVVIMVIGFLVCWLPYASVAWYIFCNQGSEFGPVFMTIPAFFAKSSSIY
72,TLYVTLEHKKLRTPLNYILLNLAVADLFMVLGGFTTTMYTSAHGYFVLGRLGCNVEGFFATLGGEIALWSLVVLAIERWIVVCKPISNFRFTEDHAIMGLAFSWVMASACAVPPLVGWSRYIPEGMQCSCGIDYYTRAEGFNNESFVIYMFTCHFLIPLVVIFFCYGRLLCAVKEAAAAQQESETTQRAEREVSRMVVIMVIGFLVCWLPYASVAWYIFCNQGSEFGPVFMTIPAFFAKSSSIY
73,TLYVTLEHKKLRTPLNYILLNLAVADLFMVLGGFTTTMYTSAHGYFVLGRLGCNVEGFFATLGGEIALWSLVVLAIERWIVVCKPISNFRFTEDHAIMGLGFSWVMASACAVPPLVGWSRYIPEGMQCSCGIDYYTRAEGFNNESFVIYMFTCHFLIPLVVIFFCYGRLLCAVKEAAAAQQESETTQRAEREVSRMVVIMVIGFLVCWLPYASVAWYIFCNQGSEFGPVFMTIPAFFAKSSSIY
74,TLYVTLEHKKLRTPLNYILLNLAVADLFMVLGGFTTTMYTSAHGYFVLGRLGCNVEGFFATLGGEIALWSLVVLAIERWIVVCKPISNFRFTEDHAIMGLAFSWFMASACAVPPLFGWSRYIPEGMQCSCGIDYYTRAEGFNNESFVIYMFTCHFLIPLVVIFFCYGRLLCAVKEAAAAQQESETTQRAEKEVSRMVVIMVIGFLVCWLPYASVAWFIFCNQGSEFGPVFMTIPAFFAKSSSIY
75,TLYVTLEHKKLRTPLNYILLNLAVADLFMVLGGFTTTMYTSAHGYFVLGRLGCNVEGFFATLGGEISLWSLVVLAIERWIVVCKPISNFRFTEDHAIMGLAFSWFMASACAVPPLFGWSRYIPEGMQCSCGIDYYTRAEGFNNESFVIYMFTCHFLIPLVVIFFCYGRLLCAVKEAAAAQQESETTQRAEKEVSRMVVIMVIGYLVCWLPYASVAWFIFCNQGSEFGPVFMTIPAFFAKSSSIY
76,TLYVTLEHKKLRTPLNYILLNLAVADLFMVLGGFTTTMYTSAHGYFVLGRLGCNVEGFFATLGGEISLWSLVVLAIERWIVVCKPISNFRFTEDHAIMGLAFSWFMASACAVPPLFGWSRYIPEGMQCSCGIDYYTRAEGFNNESFVIYMFTCHFLIPLVVIFFCYGRLLCAVKEAAAAQQESETTQRAEKEVSRMVVIMVIGYLVCWLPYASVAWFIFCNQGSEFGPVFMTIPAFFAKSSSIY
77,TLYVTLEHKKLRTPLNYILLNLAVADLFMVLGGFTTTMYTSAHGYFVLGRLGCNVEGFFATLGGEISLWSLVVLAIERWIVVCKPISNFRFTEDHAIMGLAFSWFMASACAVPPLFGWSRYIPEGMQCSCGIDYYTRAEGFNNESFVIYMFTCHFLIPLVVIFFCYGRLLCAVKEAAAAQQESETTQRAEKEVSRMVVIMVIGYLVCWLPYASVAWFIFCNQGSEFGPVFMTIPAFFAKSSSIY
78,TLYVTLEHKKLRTPLNYILLNLAVADLFMVLGGFTTTMYTSAHGYFVLGRLGCNVEGFFATLGGEISLWSLVVLAIERWIVVCKPISNFRFTEDHAIMGLAFSWFMASACAVPPLFGWSRYIPEGMQCSCGIDYYTRAEGFNNESFVIYMFTCHFLIPLVVIFFCYGRLLCAVKEAAAAQQESETTQRAEKEVSRMVVIMVIGYLVCWLPYASVAWFIFCNQGSEFGPVFMTIPAFFAKSSSIY
79,TLYVTLEHKKLRTPLNYILLNLAVADLFMVLGGFTTTMYTSAHGYFVLGRLGCNVEGFFATLGGEIALWSLVVLAVERWIVVCKPISNFRFTEDHAIMGLAFSWVMASACAVPPLVGWSRYIPEGMQCSCGIDYYTRAEGFNNESFVIYMFVCHFLIPLFVIFFCYGRLLCAVKEAAAAQQESETTQRAEREVSRMVVIMVISFLVCWLPYASVAWYIFCNQGSEFGPVFMTIPAFFAKSSSIY
80,TLYVTLEHKKLRTPLNYILLNLAVANLFMVLGGFTTTMYTSAHGYFVLGRLGCNLEGFFATLGGEIALWSLVVLAIERWIVVCKPISNFRFTEDHAIMGLAFSWVMASACAVPPLVGWSRYIPEGMQCSCGVDYYTRAEGFNNESFVIYMFTCHFLIPLVVIFFCYGRLLCAVKEAAAAQQESETTQRAEREVSRMVVIMVIGFLVCWLPYASVAWFIFCNQGSEFGPVFMTIPAFFAKSSAIY
81,TLYVTLEHKKLRTPLNYILLNLAVADLFMVLGGFTTTMYTSMHGYFVLGRLGCNLEGFFATLGGEIALWSLVVLAIERWIVVCKPISNFRFTEDHAIMGLAFSWVMASSCAVPPLVGWSRYIPEGMQCSCGVDYYTRAEGFNNESFVIYMFIVHFLVPLVVIFFCYGRLLCAVKEAAAAQQESETTQRAEKEVSRMVVIMVIGYLVCWLPYASVAWWIFCNQGSEFGPIFMTLPAFFAKSSAIY
82,TLYVTLEHKKLRTPLNYILLNLAVADLFMVLGGFTTTMYTSMHGYFVLGRLGCNLEGFFATLGGEIGLWSLVVLAIERWIVVCKPISNFRFTEDHAIMGLAFSWVMASSCAVPPLVGWSRYIPEGMQCSCGVDYYTRAEGFNNESFVIYMFIVHFLVPLTVIFFCYGRLLCAVKEAAAAQQESETTQRAEKEVSRMVVMMVIGYLVCWLPYASVAWWIFCNQGSEFGPIFMTLPAFFAKSSAIY
83,TLYVTLEHKKLRTPLNYILLNLAVADLFMVLGGFTTTMYTSMHGYFVLGRLGCNLEGFFATLGGEIGLWSLVVLAIERWIVVCKPISNFRFTEDHAIMGLAFSWVMASTCAVPPLVGWSRYIPEGMQCSCGVDYYTRAEGFNNESFVIYMFIVHFLIPLTVIFFCYGRLLCAVKEAAAAQQESETTQRAEKEVSRMVVMMVIGYLVCWLPYASVAWWIFCNQGSEFGPIFMTLPAFFAKSSAIY
84,TLYVTLEHKKLRTPLNYILLNLAVADLFMVLGGFTTTMYTSMHGYFVLGRLGCNLEGFFATLGGEIGLWSLVVLAIERWIVVCKPISNFRFTEDHAIMGLAFSWVMASTCAVPPLVGWSRYIPEGMQCSCGVDYYTRAEGFNNESFVIYMFIVHFLIPLTVIFFCYGRLLCAVKEAAAAQQESETTQRAEKEVSRMVVMMVIGYLVCWLPYASVAWWIFCNQGSEFGPIFMTLPAFFAKSSAIY
85,TLYVTLEHKKLRTPLNYILLNLAVADLFMVLGGFTTTMYTSMHGYFVLGRLGCNLEGFFATLGGEIALWSLVVLAIERWIVVCKPISNFRFTEDHAIMGLAFSWVMALTCAVPPLVGWSRYIPEGMQCSCGVDYYTRAEGFNNESFVIYMFIVHFLIPLSVIFFCYGRLLCAVKEAAAAQQESETTQRAEKEVSRMVVIMVIGFLVCWLPYASVAWWIFCNQGSEFGPIFMTLPAFFAKSSAIY
86,TLYVTLEHKKLRTPLNYILLNLAVADLFMVLGGFTTTMYTSMHGYFVLGRLGCNLEGFFATLGGEIALWSLVVLAIERWIVVCKPISNFRFTEDHAIMGLAFSWVMALTCAVPPLVGWSRYIPEGMQCSCGVDYYTRAEGFNNESFVIYMFIVHFLIPLSVIFFCYGRLLCAVKEAAAAQQESETTQRAEKEVSRMVVIMVIGFLVCWLPYASVAWWIFCNQGSEFGPIFMTLPAFFAKSSAIY
87,TLYVTLEHKKLRTPLNYILLNLAVADLFMVLGGFTTTMYTSMHGYFVLGRLGCNLEGFFATLGGEIALWSLVVLAIERWIVVCKPISNFRFTEDHAIMGLAFSWVMALTCAVPPLVGWSRYIPEGMQCSCGVDYYTRAEGFNNESFVIYMFIVHFLIPLSVIFFCYGRLLCAVKEAAAAQQESETTQRAEKEVSRMVVIMVIGFLVCWLPYASVAWWIFCNQGSEFGPIFMTLPAFFAKSSAIY
88,TLYVTLEHKKLRTPLNYILLNLAVADLFMVLGGFTTTMYTSMHGYFVLGRLGCNLEGFFATLGGEIALWSLVVLAIERWIVVCKPISNFRFTEDHAIMGLAFSWVMALTCAVPPLVGWSRYIPEGMQCSCGVDYYTRAEGFNNESFVIYMFIVHFLIPLSVIFFCYGRLLCAVKEAAAAQQESETTQRAEKEVSRMVVIMVIGFLVCWLPYASVAWWIFCNQGSDFGPIFMTLPSFFAKRPAIY
89,TLYVTLEHKKLRTPLNYILLNLAVADLFMVLGGFTTTMYTSMHGYFVLGRLGCNLEGFFATLGGEIALWSLVVLAIERWIVVCKPISNFRFTEDHAIMGLAFSWVMALACAVPPLVGWSRYIPEGMQCSCGVDYYTRAEGFNNESFVIYMFIVHFLIPLSVIFFCYGRLLCAVKEAAAAQQESETTQRAEKEVSRMVVIMVIGFLVCWLPYASVAWWIFCNQGSDFGPIFMTLPSFFAKRPAIY
90,TLYVTLEHKKLRTPLNYILLNLAVANLFMVLGGFTTTMYTSMHGYFVLGRLGCNLEGFFATLGGEIALWSLVVLAIERWIVVCKPISNFRFTEDHAIMGLAFSWVMALACAVPPLVGWSRYIPEGMQCSCGVDYYTRAEGFNNESFVIYMFIVHFLIPLSVIFFCYGRLLCAVKEAAAAQQESETTQRAEKEVSRMVVIMVIGFLVCWLPYASVAWWIFCNQGSDFGPIFMTLPSFFAKRPAIY
91,TLYVTLEHKKLRTPLNYILLNLAVADLFMVLGGFTTTMYTSMHGYFVLGRLGCNLEGFFATLGGEIALWSLVVLAIERWIVVCKPISNFRFTEDHAIMGLAFSWVMALACAVPPLVGWSRYIPEGMQCSCGVDYYTRAEGFNNESFVIYMFIVHFLIPLSVIFFCYGRLLCAVKEAAAAQQESETTQRAEKEVSRMVVIMVIGFLVCWLPYASVAWWIFCNQGSDFGPIFMTLPSFFAKRPAIY
92,TLYVTLEHKKLRTPLNYILLNLAVADLFMVLGGFTTTMYTSMHGYFVLGRLGCNLEGFFATLGGEIALWSLVVLAIERWIVVCKPISNFRFTEDHAIMGLAFSWVMALTCAVPPLVGWSRYIPEGMQCSCGVDYYTRAEGFNNESFVIYMFIVHFLIPLIVIFFCYGRLLCAVKEAAAAQQESETTQRAEKEVSRMVVIMVIGFLVCWLPYASVAWWIFCNQGSEFGPIFMTLPAFFAKSSAIY
93,TLYVTLEHKKLRTPLNYILLNLAVADLFMVLGGFTTTMYTSMHGYFVLGRLGCNLEGFFATLGGEIALWSLVVLAIERWIVVCKPISNFRFTEDHAIMGLAFSWVMALTCAVPPLVGWSRYIPEGMQCSCGVDYYTRAEGFNNESFVIYMFIVHFLIPLSVIFFCYGRLLCAVKEAAAAQQESETTQRAEKEVSRMVVIMVIGFLVCWLPYASVAWWIFCNQGSEFGPIFMTLPAFFAKSSAIY
94,TLYVTLEHKKLRTPLNYILLNLAVADLFMVLGGFTTTMYTSMHGYFVLGRLGCNLEGFFATLGGEIGLWSLVVLAIERWIVVCKPISNFRFTEDHAIMGLAFSWVMASTCAVPPLVGWSRYIPEGMQCSCGVDYYTRAEGFNNESFVIYMFIVHFLIPLTVIFFCYGRLLCAVKEAAAAQQESETTQRAEKEVSRMVVMMVIGYLVCWLPYASVAWWIFCNQGSEFGPIFMTLPAFFAKSSAIY
95,TLYVTLEHKKLRTPLNYILLNLAVADLFMVFGGFTTTMYTSMHGYFVLGRLGCNLEGFFATLGGEIGLWSLVVLAIERWIVVCKPISNFRFTEDHAIMGLAFSWIMASSCAVPPLVGWSRYIPEGMQCSCGVDYYTRAEGFNNESFVIYMFIVHFSIPLTVIFFCYGRLLCAVKEAAAAQQESETTQRAEKEVSRMVVMMVVSYLVCWLPYASVAWYIFCNQGSEFGPIFMTLPAFFAKSSAVY
96,TLYVTLEHKKLRTPLNYILLNLAVADLFMVLGGFTTTMYTSMHGYFVLGRLGCNLEGFFATLGGEIALWSLVVLAIERWIVVCKPISNFRFTEDHAIMGLAFSWVMASSCAVPPLVGWSRYIPEGMQCSCGVDYYTRAEGFNNESFVIYMFIVHFLVPLVVIFFCYGRLLCAVKEAAAAQQESETTQRAEKEVSRMVVIMVIGYLVCWLPYASVAWWIFCNQGSEFGPIFMTLPAFFAKSSAIY
